{"cameraMode":{"drawMode":0,"name":"Shaded","section":"Shading Mode"},"sceneLighting":true,"audioPlay":false,"sceneViewState":{"m_AlwaysRefresh":false,"showFog":true,"showSkybox":true,"showFlares":true,"showImageEffects":true,"showParticleSystems":true,"showVisualEffectGraphs":true,"m_FxEnabled":true},"in2DMode":false,"pivot":{"x":-35.87030792236328,"y":6.6018571853637699,"z":232.8822021484375},"rotation":{"x":-0.00008362244261661544,"y":0.9999348521232605,"z":-0.009309621527791024,"w":-0.008699402213096619},"size":50.938350677490237,"orthographic":false}