{"cameraMode":{"drawMode":0,"name":"Shaded","section":"Shading Mode"},"sceneLighting":true,"audioPlay":false,"sceneViewState":{"m_AlwaysRefresh":false,"showFog":true,"showSkybox":true,"showFlares":true,"showImageEffects":true,"showParticleSystems":true,"showVisualEffectGraphs":true,"m_FxEnabled":true},"in2DMode":false,"pivot":{"x":901.1327514648438,"y":0.39613914489746096,"z":1941.644287109375},"rotation":{"x":-0.21091845631599427,"y":0.09834570437669754,"z":-0.02129516378045082,"w":-0.9723595380783081},"size":29.813058853149415,"orthographic":false}