{"cameraMode":{"drawMode":0,"name":"Shaded","section":"Shading Mode"},"sceneLighting":true,"audioPlay":false,"sceneViewState":{"m_AlwaysRefresh":false,"showFog":true,"showSkybox":true,"showFlares":true,"showImageEffects":true,"showParticleSystems":true,"showVisualEffectGraphs":true,"m_FxEnabled":true},"in2DMode":false,"pivot":{"x":487.1000061035156,"y":1.1920928955078126e-7,"z":-984.2999877929688},"rotation":{"x":-0.22362184524536134,"y":0.11403048783540726,"z":-0.02631436102092266,"w":-0.9676740765571594},"size":15.204084396362305,"orthographic":false}