{"cameraMode":{"drawMode":0,"name":"Shaded","section":"Shading Mode"},"sceneLighting":true,"audioPlay":false,"sceneViewState":{"m_AlwaysRefresh":false,"showFog":true,"showSkybox":true,"showFlares":true,"showImageEffects":true,"showParticleSystems":true,"showVisualEffectGraphs":true,"m_FxEnabled":true},"in2DMode":false,"pivot":{"x":-5.468469619750977,"y":-3.299698829650879,"z":-0.4667167663574219},"rotation":{"x":-0.21908146142959596,"y":-0.045358456671237949,"z":0.010215671733021737,"w":-0.9746642112731934},"size":6.407107830047607,"orthographic":false}